"","tem","pre","veg","ele","hfp","abs"
"tem",NA,-0.975041059562409,-0.558643854998045,-0.987309856749115,0.263913753690489,0.165134268550923
"pre",-0.975041059562409,NA,0.429449528122634,0.951434747905486,-0.441342338489634,-0.260762542250656
"veg",-0.558643854998045,0.429449528122634,NA,0.530276652341199,0.194871630927394,0.306100120302141
"ele",-0.987309856749115,0.951434747905486,0.530276652341199,NA,-0.246884049901662,-0.119841405110601
"hfp",0.263913753690489,-0.441342338489634,0.194871630927394,-0.246884049901662,NA,0.555215628346911
"abs",0.165134268550923,-0.260762542250656,0.306100120302141,-0.119841405110601,0.555215628346911,NA
