,Green arra,Desert scrub,Agricultural field
PD,20.32068947,11.8526006,11.94075155
PD1,21.3208025,12.94900698,18.8669483
PD2,15.01483167,NA,NA
